ISBN,Title,Category,SubCategory,HeHasRead,has_fetched_data,title,author,book_cover_url,publish_date,number_of_pages
978-0-609-80953-2,The Relationship Cure,Psychology,,0,1,The relationship cure,"John Mordechai Gottman, Joan Declaire",https://covers.openlibrary.org/b/id/7364884-L.jpg,2002,319.0
978-0-593-13459-7,They Called Me a Lioness,Biography,,0,1,They Called Me a Lioness,"Ahed Tamimi, دينا تكروري",https://covers.openlibrary.org/b/id/14602617-L.jpg,2023,N/A
978-981-18-8248-7,Hawker Colours,Singapore,,0,1,N/A,N/A,N/A,N/A,N/A
978-4-8053-1670-2,A History of Japan in Manga,History,,0,1,Illustrated History of Japan : the Manga Version,"Shunichiro Kanaya, Zack Davisson",,2023.0,
978-1-5266-0006-6,The World in 2050,Strategy,,0,1,World In 2050,Hamish McRae,,2023.0,
978-1-62527-586-8,Your Strategy Needs a Strategy,Strategy,,0,1,Your Strategy Needs a Strategy,"Martin Reeves, Knut Haanæs, Janmejaya Kumar Sinha",https://covers.openlibrary.org/b/id/14378645-L.jpg,2015.0,271.0
978-1-4221-0576-4,The Practice of Adaptive Leadership,Leadership,,0,1,The practice of adaptive leadership,Ronald A. Heifetz,https://covers.openlibrary.org/b/id/9270914-L.jpg,2009.0,326.0
978-1-4019-5600-4,The Top Five Regrets of the Dying,Data Psychology,,1,1,Top Five Regrets of the Dying,Bronnie Ware,,2019.0,320.0
978-0-399-58819-8,Born a Crime,Biography,,1,1,Born a Crime,Trevor Noah,https://covers.openlibrary.org/b/id/12063911-L.jpg,2019.0,290.0
978-1-098-13965-0,The Decision Intelligence Handbook,Data Analytics,,0,1,Decision Intelligence Handbook,"Lorien Pratt, Nadine E. Malcolm",,2023.0,
978-981-49-0140-6,Death of a Perm Sec,History,,1,1,,,,,
978-0-593-79365-7,How to Know A Person,Psychology,,0,1,How to Know a Person,David Brooks,,2023.0,
978-1-68403-468-0,Learned Hopefulness,Psychology,,0,1,Learned Hopefulness,Dan Tomasulo,https://covers.openlibrary.org/b/id/13850530-L.jpg,2020.0,192.0
978-0-19-764926-8,Digital Empires,Technology,,0,1,Digital Empires,Anu Bradford,https://covers.openlibrary.org/b/id/14631043-L.jpg,2023.0,
978-0-307-28050-3,Jerusalem The Biography,History,,0,1,Jerusalem,Simon Sebag-Montefiore,https://covers.openlibrary.org/b/id/8330019-L.jpg,2012.0,650.0
978-1-324-05207-4,Strength in Numbers,Social Science,,1,1,Strength in Numbers,G. Elliott Morris,https://covers.openlibrary.org/b/id/13205170-L.jpg,2023.0,
978-1-119-89848-1,Decisions Over Decimals,Decision Making,,1,1,Chasing the Decision,"Christopher J. Frank, Paul F. Magnone, Oded Netzer",,2022.0,
978-1-953953-21-6,Scaling People,Orgnisational Development,,0,1,Scaling People,Claire Hughes Johnson,https://covers.openlibrary.org/b/id/13555875-L.jpg,2022.0,480.0
978-0-262-54498-6,Redesigning Work,Orgnisational Development,,0,1,Redesigning Work,Lynda Gratton,,2022.0,
978-1-78966-779-0,"Networked, Scaled, and Agile",Orgnisational Development,,0,1,"Networked, Scaled, and Agile","Amy Kates, Greg Kesler, Michele DiMartino, Julie Sweet",,2021.0,
978-1-5266-2283-9,The 100-Year Life,Psychology,,0,1,100-Year Life,Lynda Gratton,https://covers.openlibrary.org/b/id/12405539-L.jpg,2020.0,432.0
978-1-4516-0832-8,The Pathfinder,Jobhunting,,1,1,The pathfinder,Nicholas Lore,https://covers.openlibrary.org/b/id/12189178-L.jpg,2011.0,448.0
978-0-06-266307-8,Multipliers,Leadership,,0,1,Multipliers,Liz Wiseman,https://covers.openlibrary.org/b/id/9265081-L.jpg,2017.0,360.0
978-0-358-64652-5,Seeing Around Corners,Strategy,,1,1,Seeing Around Corners,"Rita McGrath, Clayton Christensen",https://covers.openlibrary.org/b/id/10856853-L.jpg,2021.0,272.0
978-1-5293-4686-2,Influence Empire,Technology,,0,1,Influence Empire,Lulu Chen,,2022.0,
978-1-950496-97-7,The Hard and Soft Sides of Change Management,Orgnisational Development,,0,1,,,,,
978-1-3985-0410-3,Chip War,Technology,,1,1,Chip War,Chris Miller,,2022.0,
978-1-4221-8643-5,Leading Change,Orgnisational Development,,0,1,Leading change,John P. Kotter,https://covers.openlibrary.org/b/id/10552149-L.jpg,2012.0,208.0
978-1-9848-5463-6,Mindf*ck,Technology,,0,1,Mindf*ck: Cambridge Analytica and the Plot to Break America,Christopher Wylie,https://covers.openlibrary.org/b/id/9130306-L.jpg,2019.0,
978-0-593-32923-8,Dead in the Water,Fiction,,1,1,Dead in the Water,"Matthew Campbell, Kit Chellel",,2022.0,304.0
978-1-5417-0124-3,The Crux,Strategy,,1,1,Crux,Richard P. Rumelt,,2022.0,
978-1-911617-04-4,Maybe you should talk to someone,Biography,,0,1,Maybe You Should Talk To Someone,Lori Gottlieb,https://covers.openlibrary.org/b/id/10755293-L.jpg,2019.0,
978-1-908009-98-2,Dancing at the Edge,Orgnisational Development,,1,1,Dancing at the Edge,"Maureen O'Hara, Graham Leicester, Jennifer Williams",https://covers.openlibrary.org/b/id/12893738-L.jpg,2012.0,172.0
978-1-118-13626-3,The Change Champion's Field Guide,Organisational Development,,0,1,The Change Champions Field Guide,Louis Carter,https://covers.openlibrary.org/b/id/7859216-L.jpg,2013.0,832.0
978-1-78966-791-2,Organisational Development,Organisational Development,,0,1,Organization Development,Mee-Yan Cheung-Judge,,2021.0,
978-0-7352-1450-7,Range,Social Science,,1,1,Range,David Epstein,https://covers.openlibrary.org/b/id/10665174-L.jpg,2021.0,368.0
987-0-19-751897-7,How Social Science Got Better,Research,,1,1,,,,,
987-1-4767-0032-8,Why we're Polarized,Governance,,0,1,,,,,
978-1-118-40495-9,Facilitator's Guide to Participatory Decision-Making,Instructional Design,,0,1,Facilitator's guide to participatory decision-making,Sam Kaner,https://covers.openlibrary.org/b/id/12437659-L.jpg,2014.0,401.0
978-1-78966-470-6,How to Future,Governance,,0,1,How to Future,"Scott Smith, Madeline Ashby",,2020.0,240.0
987-0-06-229298-8,Crossing the Chasm,Information Policy,,0,1,,,,,
978-981-123-653-2,Refreshing the Singapore System,Singapore,,1,1,Refreshing the Singapore System,W. L. Terence Ho,,2021.0,
978-0-521-71638-3,Spatial Analysis for the Social Sciences,Research,,0,1,Spatial Analysis for the Social Sciences,David Darmofal,,2015.0,259.0
978-1-4129-1177-1,The Sage Handbook of Public Opinion Research,Research,,0,1,The SAGE Handbook of Public Opinion Research,"Wolfgang Donsbach, Michael W. Traugott",https://covers.openlibrary.org/b/id/2770967-L.jpg,2007.0,640.0
978-0-19-958556-4,The Oxford Handbook of Political Methodology,Research,,0,1,The Oxford Handbook of Political Methodology,"Henry E. Brady, David Collier",https://covers.openlibrary.org/b/id/9130021-L.jpg,2010.0,896.0
978-0-19-967302-5,The Oxford Handbook of American Public Opinion and the Media,Research,,0,1,Oxford Handbook of American Public Opinion and the Media,"Robert Y. Shapiro, Lawrence R. Jacobs",https://covers.openlibrary.org/b/id/13849633-L.jpg,2013.0,816.0
978-1-7348231-1-0,Out of the Box,Games,,1,1,,,,,
978-0-393-91272-2,Policy Paradox,Governance,,0,1,Policy paradox,Deborah Stone,https://covers.openlibrary.org/b/id/10691979-L.jpg,2012.0,416.0
978-1-137-54518-3,Understanding Public Policy,Governance,,0,1,Understanding Public Policy,Paul Cairney,,2019.0,
978-0-262-53975-3,Researching Internet Governance,Information Policy,,0,1,Researching Internet Governance,"Laura Denardis, Derrick Cogburn, Nanette S. Levinson, Francesca Musiani",,2020.0,328.0
978-1-107-63769-9,"Privacy, Big Data, and the Public Good",Information Policy,,0,1,,,,,
978-0-19-754511-9,Liars,Information Policy,,0,1,Liars,Cass R. Sunstein,https://covers.openlibrary.org/b/id/10724097-L.jpg,2021.0,192.0
978-1-61039-370-6,"To Save Everything, Click Here",Technology,,1,1,"To Save Everything, Click Here","Evgeny Morozov, Nancy Viviana Piñeiro, Nancy Viviana Piñeiro, Nancy Viviana Piñeiro",https://covers.openlibrary.org/b/id/8982526-L.jpg,2014.0,432.0
978-1-78811-765-4,Handbook on Theories of Governance,Governance,,0,1,Handbook on Theories of Governance,"Christopher Ansell, Jacob Torfing",,2017.0,
978-0-19-967706-1,The Oxford Handbook of Governance,Governance,,0,1,Oxford Handbook of Governance,David Levi-Faur,,2014.0,832.0
978-0-9991745-0-0,Map It The Hands On Guide to Strategic Training Design,Instructional Design,,1,1,Map It,Cathy Moore,https://covers.openlibrary.org/b/id/10470437-L.jpg,2017.0,418.0
978-0-13-421128-2,Design for How People Learn,Instructional Design,,1,1,Design for How People Learn,Julie Dirksen,https://covers.openlibrary.org/b/id/10249410-L.jpg,2015.0,304.0
978-0-393-28366-2,Essential Readings in World Politics,International Affairs,,0,1,Essential Readings in World Politics,"Karen A. Mingst, Jack L. Snyder",https://covers.openlibrary.org/b/id/14463829-L.jpg,2016.0,712.0
978-0-19-090628-3,The Ideas Industry,Sociology,,1,1,Ideas Industry,Daniel W. Drezner,,2019.0,360.0
978-0-393-64327-5,Essentials of International Relations,International Affairs,,0,1,Essentials of International Relations -8th Ed.,"Karen A. Mingest, Heather Elko McKibben, & Ivan M. Arreguin-Toft",https://covers.openlibrary.org/b/id/11810474-L.jpg,2019.0,
978-0-691-16370-3,Theories of International Politics and Zombies,International Affairs,,1,1,Theories of international politics and zombies,Daniel W. Drezner,,2015.0,198.0
978-0-7869-6580-9,Sword Coast Adventurer's Guide,Games,,0,1,Sword Coast adventurer's guide,"Wizards of the Coast, Inc",https://covers.openlibrary.org/b/id/13420285-L.jpg,2015.0,159.0
978-0-241-95318-1,Snow Crash,Fiction,,1,1,Snow Crash,Neal Stephenson,https://covers.openlibrary.org/b/id/8787131-L.jpg,2011.0,
978-1-328-54639-5,AI Superpowers,Technology,,1,1,AI superpowers,Kai-Fu Lee,https://covers.openlibrary.org/b/id/8276795-L.jpg,2018.0,253.0
978-1-55597-604-0,Red Plenty,History,,0,1,Red plenty,Francis Spufford,https://covers.openlibrary.org/b/id/12840207-L.jpg,2012.0,434.0
978-0-00-831788-1,Uncanny Valley,Technology,,1,1,Uncanny Valley,Anna Wiener,,2020.0,
978-0-099-53311-5,Manufacturing Consent,Media,,0,1,Manufacturing consent,"Edward S. Herman, Noam Chomsky, Edward S. Herman, John Pruden, Edward Herman",https://covers.openlibrary.org/b/id/8781121-L.jpg,1994.0,412.0
978-0-7869-6683-7,Dungeons & Dragons Essentials Kit,Games,,0,1,Dungeons & Dragons Essentials Kit,Wizards RPG Team,https://covers.openlibrary.org/b/id/10716580-L.jpg,2019.0,
978-0-7869-6626-4,Waterdeep Dungeon of the Mad Mage,Games,,0,1,Dungeons & Dragons Waterdeep,Wizards RPG Team,,2018.0,256.0
978-0-7869-6609-7,Tales from the Yawning Portal,Games,,0,1,Tales From the Yawning Portal,Wizards RPG Team,https://covers.openlibrary.org/b/id/8570479-L.jpg,2017.0,248.0
978-0-7869-6598-4,Curse of Strahd,Games,,1,1,Curse of Strahd: A Dungeons & Dragons Sourcebook (D&D Supplement),Wizards RPG Team,https://covers.openlibrary.org/b/id/8461298-L.jpg,2016.0,256.0
978-0-7869-6676-9,Baldur's Gate Descent into Avernus,Games,,0,1,Dungeons & Dragons Baldur's Gate,Wizards RPG Team,https://covers.openlibrary.org/b/id/13816075-L.jpg,2019.0,256.0
978-0-7869-6675-2,Ghosts of Saltmarsh,Games,,0,1,Dungeons & Dragons Ghosts of Saltmarsh Hardcover Book,Wizards RPG Team,https://covers.openlibrary.org/b/id/10317956-L.jpg,2019.0,256.0
978-0-7869-6625-7,Waterdeep Dragon Heist,Games,,1,1,D&D Waterdeep Dragon Heist HC,Wizards RPG Team,https://covers.openlibrary.org/b/id/8821397-L.jpg,2018.0,256.0
978-981-48-2820-8,Reluctant Editor,Singapore,,1,1,Reluctant Editor,P. N. Balji,,2020.0,196.0
978-1-119-49144-6,Information Governance,Information Policy,,0,1,Information Governance,Robert F. Smallwood,https://covers.openlibrary.org/b/id/12409677-L.jpg,2019.0,480.0
978-1-7945-8151-7,The Elements of Thinking in Systems,Management,,1,1,The Elements of Thinking in Systems,Albert Rutherford,https://covers.openlibrary.org/b/id/11974410-L.jpg,2019.0,270.0
978-1-5098-6808-7,Bad Blood,Technology,,0,1,Bad Blood,John Carreyrou,https://covers.openlibrary.org/b/id/12857114-L.jpg,2019.0,339.0
978-1-940858-98-2,Data Story,Data Visualisation,,1,1,DataStory: Explain Data and Inspire Action Through Story,Nancy Duarte,https://covers.openlibrary.org/b/id/8791370-L.jpg,2019.0,240.0
978-0-19-884350-4,Society & The Internet,Information Policy,,0,1,Society and the Internet,"Mark Graham, William H. Dutton",,2019.0,480.0
978-0-19-537675-3,Better Powerpoint,Data Visualisation,,1,1,Better PowerPoint,Stephen Michael Kosslyn,https://covers.openlibrary.org/b/id/9603766-L.jpg,2010.0,
978-1-5381-0331-9,Political Influence Operations,Information Policy,,1,1,Political Influence Operations,Darren E. Tromblay,,2018.0,
978-0-13-396615-2,The Non-Designer's Design Book,Data Visualisation,,1,1,The Non-Designer's Design Book,Robin Williams,https://covers.openlibrary.org/b/id/7318841-L.jpg,2014.0,239.0
978-1-324-00156-0,How Charts Lie,Data Visualisation,,0,1,How Charts Lie,Alberto Cairo,https://covers.openlibrary.org/b/id/9254486-L.jpg,2019.0,256.0
978-0-857-52419-5,The Travelling Cat Chronicles,Fiction,,0,1,The Travelling Cat Chronicles,Hiro Arikawa,https://covers.openlibrary.org/b/id/8523132-L.jpg,2017.0,
978-0-7869-6601-1,Dungeons & Dragons Volo's Guide to Monsters,Games,,1,1,Volo's guide to monsters,Mike Mearls,,2016.0,223.0
978-0-7869-6611-0,Dungeons & Dragons Xanathar's Guide to Everything,Games,,1,1,Xanathar's Guide to Everything,Wizards RPG Team,https://covers.openlibrary.org/b/id/8461300-L.jpg,2017.0,192.0
978-0-262-03885-0,You'll see this message when it is too late,Cybersecurity,,1,1,You'll see this message when it is too late,Josephine Wolff,https://covers.openlibrary.org/b/id/8835352-L.jpg,2018.0,336.0
978-1-4926-0323-8,Spam Nation,Cybersecurity,,0,1,Spam Nation,Brian Krebs,,2015.0,
978-0-7704-3619-3,Countdown to Zero Day,Cybersecurity,,0,1,Countdown to Zero Day,Kim Zetter,,2015.0,448.0
978-0-8389-1802-9,Foundations of Information Policy,Public Policy,,1,1,Foundations of Information Policy,"Paul T. Jaeger, Natalie Greene Taylor, Alan Inouye",,2019.0,232.0
978-981-4382-16-9,Singapore: A Biography,History,,0,1,,,,,
978-0-8021-4594-9,Worm,Cybersecurity,,0,1,Worm,Mark Bowden,,2011.0,252.0
0-8493-1489-5,The Laws of Software Process,Computer Science,,0,1,The laws of software process,Philip G. Armour,https://covers.openlibrary.org/b/id/14341429-L.jpg,2004.0,252.0
978-0-316-49197-6,The Soul of a New Machine,Technology,,0,1,The Soul of a New Machine,Tracy Kidder,,2010.0,
978-1-59028-257-1,Problem solving with algorithms and data structures using Python,Computer Science,,0,1,Problem Solving with Algorithms and Data Structures Using Python SECOND EDITION,"Bradley N. Miller, David L. Ranum",https://covers.openlibrary.org/b/id/13265050-L.jpg,2011.0,438.0
978-0-12-800218-6,Guerrilla Analytics,Data Analytics,,1,1,Guerrilla Analytics,Enda Ridge,https://covers.openlibrary.org/b/id/14395498-L.jpg,2014.0,276.0
978-0-5521-7445-9,The Power of Moments,Leadership,,1,1,Power of Moments,"Chip Heath, Dan Heath",,2019.0,320.0
978-1-4221-2103-0,The Origin of Wealth,Economics,,0,1,The origin of wealth,Eric D. Beinhocker,https://covers.openlibrary.org/b/id/12521482-L.jpg,2007.0,527.0
978-0-19-023903-9,China's Economy,Economics,China,0,1,China's Economy,Arthur R. Kroeber,https://covers.openlibrary.org/b/id/12680811-L.jpg,2016.0,328.0
978-0-14-029672-3,The Truth About Markets,Economics,,0,1,The Truth About Markets,John Kay,https://covers.openlibrary.org/b/id/101110-L.jpg,2004.0,496.0
978-1-892005-28-1,Nonviolent Communication,Management,,1,1,Nonviolent communication,Marshall B. Rosenberg,https://covers.openlibrary.org/b/id/12673460-L.jpg,2015.0,244.0
978-1-491-97389-9,The Manager's Path,Management,,1,1,The Manager's Path,Camille Fournier,https://covers.openlibrary.org/b/id/8667305-L.jpg,2017.0,244.0
978-1-107-18612-5,Principles of Database Management,Computer Science,,0,1,Principles of Database Management,"Wilfried Lemahieu, Seppe vanden Broucke, Bart Baesens",https://covers.openlibrary.org/b/id/9232299-L.jpg,2018.0,808.0
978-1-4842-2157-0,Managing Humans,Management,,0,1,Managing Humans: Biting and Humorous Tales of a Software Engineering Manager,Michael Lopp,https://covers.openlibrary.org/b/id/8512625-L.jpg,2016.0,348.0
978-0-8048-3520-6,Book of Five Rings,Philosophy,,1,1,Musashi's book of five rings,Steve Kaufman,https://covers.openlibrary.org/b/id/578910-L.jpg,2004.0,106.0
0-674-00991-6,The Making of Modern Japan,History,,0,1,The making of modern Japan,Marius B. Jansen,,2000.0,871.0
978-0-470-62074-8,Flawless Consulting,Management,Coaching,1,1,Flawless consulting,Peter Block,https://covers.openlibrary.org/b/id/9818140-L.jpg,2010.0,352.0
978-1-4221-8739-5,Playing to Win,Strategy,,1,1,Playing to win,A. G. Lafley,https://covers.openlibrary.org/b/id/14507238-L.jpg,2013.0,260.0
978-1-4221-1736-1,Immunity to Change,Leadership,Change Management,1,1,Immunity to change,"Robert Kegan, Lisa Laskow Lahey",https://covers.openlibrary.org/b/id/6712566-L.jpg,2009.0,340.0
978-1-84-794032-2,Switch,Leadership,Change Management,1,1,Switch,Chip Heath,https://covers.openlibrary.org/b/id/14593214-L.jpg,2011.0,320.0
978-2-960133-50-9,Reinventing organizations,Leadership,,0,1,Reinventing Organizations,Frederic Laloux,https://covers.openlibrary.org/b/id/9159064-L.jpg,2014.0,360.0
978-1-77327-059-3,Flat Army,Leadership,,1,1,Flat Army,Dan Pontefract,,2018.0,344.0
978-1-250-19577-7,The Dichotomy of Leadership,Leadership,,1,1,The dichotomy of leadership,Jocko Willink,,2018.0,300.0
978-0-241-33414-0,Becoming,Autobiography,,0,1,Becoming,"Michelle Obama, Gabriel Dols Gallardo, Efrén del Valle Peñamil, Marcos Pérez Sánchez, Carlos Abreu Fetter",https://covers.openlibrary.org/b/id/8834914-L.jpg,2018.0,426.0
978-0-06-287478-8,It Doesn't Have to be Crazy at Work,Business,,1,1,It doesn't have to be crazy at work,"Jason Fried, David Heinemeier Hansson",,2018.0,231.0
978-1-101-87129-4,Bitwise,Computer Science,,1,1,Bitwise,David Auerbach,,2018.0,290.0
978-1-61689-532-7,Dear Data,Data Visualisation,,0,1,Dear data,Giorgia Lupi,https://covers.openlibrary.org/b/id/14390907-L.jpg,2016.0,289.0
978-0-7869-6560-1,Dungeons & Dragons Player's Handbook,Games,,1,1,Player's Handbook (Dungeons & Dragons),"Gary Gygax, Wizards RPG Team",https://covers.openlibrary.org/b/id/14572850-L.jpg,2014.0,320.0
978-0-7869-6562-5,Dungeons & Dragons Dungeon Master's Guide,Games,,1,1,"Dungeon's & Dragons, 5th Edition",Wizards RPG Team,https://covers.openlibrary.org/b/id/9120765-L.jpg,2014.0,320.0
978-0-7869-6561-8,Dungeons & Dragons Monster Manual,Games,,1,1,"Dungeons & Dragons Monster Manual (Core Rulebook, D&D Roleplaying Game) (D&D Core Rulebook)",Wizards RPG Team,https://covers.openlibrary.org/b/id/8315505-L.jpg,2014.0,352.0
978-0-8230-1488-0,Manga for the Beginner chibis,Manga,,0,1,Manga for the beginner chibis,"Hart, Christopher.",https://covers.openlibrary.org/b/id/12188970-L.jpg,2010.0,
978-0-8230-3083-5,Manga for the Beginner,Manga,,0,1,Manga for the beginner,"Hart, Christopher.",https://covers.openlibrary.org/b/id/10657875-L.jpg,2008.0,
978-0-8230-9533-9,"Drawing Manga - Animals, Chibis, and other adorable creatures",Manga,,0,1,Drawing manga,J. C. Amberlyn,https://covers.openlibrary.org/b/id/11718309-L.jpg,2009.0,160.0
1-59164-026-1,Coaching the 3-4-1-2 and 4-2-3-1,Soccer,,1,1,Coaching the 3-4-1-2 and 4-2-3-1,Massimo Lucchesi,https://covers.openlibrary.org/b/id/1976848-L.jpg,2002.0,146.0
0-9626834-2-6,The Art of Soccer,Soccer,,1,1,The art of soccer,Mark G. Catlin,https://covers.openlibrary.org/b/id/11590863-L.jpg,1990.0,218.0
978-1-59257-437-7,The Complete Idiot’s Guide to Music Theory,Music,,0,1,The complete idiot's guide to music theory,"Miller, Michael",https://covers.openlibrary.org/b/id/11340613-L.jpg,2005.0,314.0
0-7935-9421-9,"Teach Yourself to Read Music - A Guide to Pop, Rock, Blues and Jazz Singers",Music,,0,1,Teach Yourself to Read Music,Jeffrey Deutsch,https://covers.openlibrary.org/b/id/1504568-L.jpg,1998.0,80.0
978-0-321-47404-9,The Digital Photography Book Volume 1,Photography,,1,1,The digital photography book,Scott Kelby,https://covers.openlibrary.org/b/id/8639586-L.jpg,2006.0,219.0
978-0-321-52476-8,The Digital Photography Book Volume 2,Photography,,1,1,The digital photography book.,Scott Kelby,https://covers.openlibrary.org/b/id/8639587-L.jpg,2007.0,222.0
978-0-321-61765-1,The Digital Photography Book Volume 3,Photography,,1,1,The digital photography book,Scott Kelby,https://covers.openlibrary.org/b/id/8639588-L.jpg,2010.0,243.0
978-1-61593-087-6,Master Shots,Videography,,1,1,Master shots,Christopher Kenworthy,,2012.0,229.0
978-1-61593-055-5,Master Shots Vol 2,Videography,,0,1,"Master shots, volume 2",Christopher Kenworthy,https://covers.openlibrary.org/b/id/13830939-L.jpg,2011.0,240.0
978-1-61593-154-5,Master Shots Vol 3,Videography,,0,1,Master Shots 100 Setups Scenes And Moves For Your Breakthrough Movie,Christopher Kenworthy,https://covers.openlibrary.org/b/id/7866217-L.jpg,2013.0,238.0
978-0-240-81217-5,The filmmaker’s eye,Videography,,1,1,The filmmaker's eye,Gustavo Mercado,https://covers.openlibrary.org/b/id/8649002-L.jpg,2011.0,192.0
978-0-7611-6323-7,How to Shoot Video that doesn’t suck,Videography,,1,1,How to shoot video that doesn't suck,Steve Stockman,https://covers.openlibrary.org/b/id/8028035-L.jpg,2011.0,248.0
978-0-7432-4626-2,The Joy of Cooking,Cooking,,0,1,Joy of Cooking,"Irma S. Rombauer, Marion Rombauer Becker, Ethan Becker, John Becker, Megan Scott",https://covers.openlibrary.org/b/id/6679550-L.jpg,2006.0,1132.0
978-1-55832-156-4,The Breadlover’s Bread Machine Cookbook,Cooking,,0,1,The Bread Lover's Bread Machine Cookbook,Beth Hensperger,https://covers.openlibrary.org/b/id/782815-L.jpg,2000.0,643.0
978-1-119-27896-2,The Leadership Challenge,Leadership,,1,1,The leadership challenge,James M. Kouzes,,2017.0,378.0
0-7879-5678-3,The Leadership Challenge,Leadership,,1,1,The leadership challenge,"James M. Kouzes, Barry Z. Posner, Elaine Biech, Barry Posner",https://covers.openlibrary.org/b/id/7079141-L.jpg,2002.0,458.0
978-1-4000-6428-1,Made to Stick,Psychology,,1,1,Made to stick,"Chip Heath, Dan Heath",https://covers.openlibrary.org/b/id/7348936-L.jpg,2008.0,291.0
978-1-84668-480-7,Good Strategy Bad Strategy,Strategy,,1,1,Good Strategy/Bad Strategy,Richard Rumelt,,2011.0,322.0
978-0-06-055566-5,The Intelligent Investor,Finance and Investment,,1,1,The intelligent investor,"Benjamin Graham, Jason Zweig",,1949.0,640.0
0-679-60047-7,The Death and Life of Great American Cities,Economics,Urban Economics,1,1,The death and life of great American cities,"Jane Jacobs, Gerd Albers",https://covers.openlibrary.org/b/id/419379-L.jpg,1993.0,598.0
978-0-06-124189-5,The Psychology of Influence,Psychology,,1,1,Influence,Robert B. Cialdini,https://covers.openlibrary.org/b/id/9257169-L.jpg,2007.0,320.0
0-743-40885-3,The 7 Habits of Highly Effective People,Psychology,,1,1,7 Habits of Highly Effective People,"Stephen R. Covey, Sean Covey",https://covers.openlibrary.org/b/id/8612374-L.jpg,1999.0,358.0
978-0-06-089154-1,On Writing Well,Writing,,1,1,On Writing Well,William Zinsser,https://covers.openlibrary.org/b/id/6714373-L.jpg,2006.0,336.0
978-1-60819-301-1,Blur,Media,Journalism,1,1,Blur,Bill Kovach,https://covers.openlibrary.org/b/id/9383325-L.jpg,2011.0,240.0
978-0-307-34670-4,The Elements of Journalism,Media,Journalism,1,1,The Elements of Journalism,"Bill Kovach, Tom Rosenstiel",https://covers.openlibrary.org/b/id/6716026-L.jpg,2007.0,268.0
978-0-06-052199-8,The Innovator’s Dilemma,Innovation and Creativity,,1,1,The innovator's dilemma,"Clayton M. Christensen, L J Ganser, Don Leslie",,2003.0,286.0
978-0-307-35215-6,Quiet,Psychology,,1,1,Quiet: The Power of Introverts in a World That Can't Stop Talking,Susan Cain,https://covers.openlibrary.org/b/id/8142530-L.jpg,2013.0,368.0
978-0-07-183555-8,The Digital Economy,Economics,,1,1,The digital economy,Don Tapscott,https://covers.openlibrary.org/b/id/11169748-L.jpg,2015.0,413.0
978-0-5960-07126,Head First Design Patterns,Programming,,1,1,Head First design patterns,"Eric Freeman, Elisabeth Freeman, Kathy Sierra, Bert Bates",https://covers.openlibrary.org/b/id/388950-L.jpg,2004.0,638.0
978-0-470-06852-6,Security Engineering,Computer Science,Security,0,1,Security Engineering,"Ross J. Anderson, Ross Anderson, Ross Anderson",https://covers.openlibrary.org/b/id/10637523-L.jpg,2008.0,1088.0
978-0-470-47424-2,Cryptography Engineering,Computer Science,Security,0,1,Cryptography engineering,"Niels Ferguson, Bruce Schneier, Tadayoshi Kohno",https://covers.openlibrary.org/b/id/12750103-L.jpg,2010.0,353.0
978-1942788003,The DevOps Handbook,Computer Science,DevOps,1,1,The DevOps handbook,Gene Kim,https://covers.openlibrary.org/b/id/10860557-L.jpg,2016.0,437.0
978-1-491-91576-9,Using Docker,Programming,,1,1,Using Docker,Adrian Mouat,,2015.0,358.0
0-201-48567-2,Refactoring,Programming,,1,1,Refactoring,Martin Fowler,https://covers.openlibrary.org/b/id/134964-L.jpg,1999.0,464.0
0-13-235088-2,Clean Code,Computer Science,,1,1,Clean Code,Robert C. Martin,https://covers.openlibrary.org/b/id/8085499-L.jpg,2008.0,431.0
978-0-13-449416-6,Clean Architecture,Computer Science,,1,1,Clean Architecture,Robert C. Martin,,2017.0,432.0
978-1-78646-852-9,Software Architecture with Python,Programming,,1,1,Software Architecture with Python,Anand Balachandran Pillai,https://covers.openlibrary.org/b/id/8511934-L.jpg,2017.0,556.0
978-1-491-94600-8,Fluent Python,Programming,,1,1,Fluent Python,Luciano Ramalho,https://covers.openlibrary.org/b/id/10618446-L.jpg,2015.0,792.0
978-1-491-95870-4,Test-Driven Development with Python,Programming,,1,1,Test-Driven Development with Python,Harry J.W. Percival,https://covers.openlibrary.org/b/id/8508810-L.jpg,2017.0,575.0
978-1-449-37332-0,Designing Data-Intensive Applications,Computer Science,Databases,1,1,"Designing Data-Intensive Applications: The Big Ideas Behind Reliable, Scalable, and Maintainable Systems",Martin Kleppmann,https://covers.openlibrary.org/b/id/8434671-L.jpg,2017.0,624.0
978-0-9973160-2-5,Computer Science Distilled,Computer Science,,1,1,Computer Science Distilled,"Wladston Ferreira Filho, Raimondo Pictet",https://covers.openlibrary.org/b/id/10859200-L.jpg,2017.0,180.0
978-0-7356-1131-3,Code,Computer Science,,1,1,Code,Charles Petzold,,2000.0,128.0
978-1-491-93998-7,Learning Unix for OS X,Programming,,1,1,Learning Unix for OS X (El Capitan),Dave Taylor,https://covers.openlibrary.org/b/id/10620851-L.jpg,2016.0,216.0
978-1-491-91059-7,R Packages,Programming,,1,1,R Packages,Hadley Wickham,https://covers.openlibrary.org/b/id/12858953-L.jpg,2015.0,202.0
978-1-118-72796-6,Applied Predictive Analytics,Programming,,1,1,Applied Predictive Analytics,Dean Abbott,https://covers.openlibrary.org/b/id/9012694-L.jpg,2014.0,456.0
978-0-69291572-1,Two Scoops of Django 1.11,Programming,,1,1,Two Scoops of Django 1.11,"Daniel Roy Greenfeld, Audrey Roy Greenfeld",https://covers.openlibrary.org/b/id/10482444-L.jpg,2017.0,555.0
978-1-491-91646-9,Essential SQLAlchemy,Programming,,1,1,Essential SQLAlchemy,Jason Myers,https://covers.openlibrary.org/b/id/13578105-L.jpg,2015.0,182.0
978-1-5239-1744-0,The Devops 2.0 Toolkit,Programming,,1,1,The DevOps 2.0 Toolkit,Viktor Farcic,,2016.0,414.0
0-7522-7222-5,Dilbert - The Joy of Work,Humour,,1,1,Dilbert,Scott Adams,https://covers.openlibrary.org/b/id/497526-L.jpg,2000.0,272.0
978-0-7407-7735-6,Dilbert 2.0 - 20 Years of Dilbert,Humour,,0,1,Dilbert 20 20 Years Of Dilbert,Scott Adams,https://covers.openlibrary.org/b/id/7519959-L.jpg,2008.0,
978-0-9784407-4-9,The Coaching Habit,Management,Coaching,1,1,The coaching habit,Michael Bungay Stanier,https://covers.openlibrary.org/b/id/12515817-L.jpg,2016.0,227.0
978-1-47365-812-7,Coaching for Performance,Management,Coaching,1,1,Coaching for Performance,"Whitmore, John Sir",https://covers.openlibrary.org/b/id/10503143-L.jpg,2017.0,288.0
978-0-9794-1636-1,Coaching Questions,Management,Coaching,1,1,Coaching Questions: A Coach's Guide to Powerful Asking Skills,Tony Stoltzfus,https://covers.openlibrary.org/b/id/8666912-L.jpg,2008.0,100.0
978-981-08-2454-9,The Mile Hi! Club,Fiction,,1,1,The mile hi! club,Janet Chew,,2009.0,211.0
1-84119-848-X,Masterpieces of Murder,Fiction,,0,1,Masterpieces of murder,Jonathan Goodman,https://covers.openlibrary.org/b/id/8237372-L.jpg,2004.0,525.0
0-688-14725-9,Notes from a Small Island,Fiction,,0,1,Notes from a small island,Bill Bryson,https://covers.openlibrary.org/b/id/8598315-L.jpg,1996.0,324.0
978-0-684-80146-9,A Farewell to Arms,Fiction,,0,1,A farewell to arms,Ernest Hemingway,,2003.0,332.0
978-1407-13209-9,Catching Fire,Fiction,,1,1,Catching Fire,Suzanne Collins,https://covers.openlibrary.org/b/id/13011166-L.jpg,2012.0,472.0
978-1407-13210-5,MockingJay,Fiction,,1,1,Mockingjay,Suzanne Collins,https://covers.openlibrary.org/b/id/13011167-L.jpg,2012.0,455.0
978-0-684-84332-2,the Complete Short Stories of Ernest Hemingway,Fiction,,0,1,Complete Short Stories of Ernest Hemingway: The Finca Vigia,Ernest Hemingway,https://covers.openlibrary.org/b/id/6690272-L.jpg,1987.0,650.0
0-7475-6695-X,K-Pax,Fiction,,1,1,K-Pax,Gene Brewer,https://covers.openlibrary.org/b/id/7144436-L.jpg,2004.0,791.0
0-451-45273-9,2001 A Space Odyssey,Fiction,,1,1,2001,Arthur C. Clarke,https://covers.openlibrary.org/b/id/294708-L.jpg,1993.0,256.0
0-571-20053-2,Lord of the Flies,Fiction,,1,1,Lord of the Flies.,William Golding,,1999.0,19.0
0-8423-2912-9,Left Behind,Fiction,,1,1,Left behind,Tim F. LaHaye,https://covers.openlibrary.org/b/id/6918749-L.jpg,1998.0,468.0
1-85799-722-0,Sophie’s World,Fiction,,1,1,Sophie's world,Jostein Gaarder,,1996.0,
978-0-7475-8589-3,A Thousand Splendid Suns,Fiction,,0,1,A Thousand Splendid Suns. Khaled Hosseini,Khaled Hosseini,https://covers.openlibrary.org/b/id/8765432-L.jpg,2008.0,412.0
0-415-28596-8,Grimm Complete Fairy Tales,Fiction,,0,1,The Complete Fairy Tales (Routledge Classics),Jacob and Grimm,https://covers.openlibrary.org/b/id/267021-L.jpg,2003.0,800.0
0-14-020072-X,A Short History of English Literature,Fiction,,0,1,A Short History of English Literature (Pelican),"Evans, Ifor., Bergonzi, Bernard.",https://covers.openlibrary.org/b/id/4962101-L.jpg,1976.0,400.0
1-84195-425-X,Life of Pi,Fiction,,1,1,Life of Pi,Yann Martel,https://covers.openlibrary.org/b/id/7258954-L.jpg,2002.0,
0-679-73172-5,The Remains of the Day,Fiction,,0,1,The remains of the day,Kazuo Ishiguro,https://covers.openlibrary.org/b/id/420075-L.jpg,1990.0,245.0
0-393-95623-7,Crime and Punishment,Fiction,,0,1,Crime and punishment,Фёдор Михайлович Достоевский,,1989.0,690.0
978-096139211-6,Envisioning Information,Data Visualisation,,1,1,Envisioning Information,Edward R. Tufte,https://covers.openlibrary.org/b/id/12869825-L.jpg,1990.0,126.0
978-0-9613921-4-7,The Visual Display of Quantitative Information,Data Visualisation,,1,1,The visual display of quantitative information,Edward R. Tufte,https://covers.openlibrary.org/b/id/9289128-L.jpg,1983.0,197.0
978-0970601988,Now you See It,Data Visualisation,,1,1,Now you see it,Stephen Few,https://covers.openlibrary.org/b/id/12724508-L.jpg,2009.0,327.0
978-1-4665-0891-0,Visualization Analysis & Design,Data Visualisation,,1,1,Visualization Analysis and Design,Tamara Munzner,https://covers.openlibrary.org/b/id/10495741-L.jpg,2014.0,428.0
978-1-59253-261-2,Design Elements - A Graphic Style Manual,Data Visualisation,,1,1,Design elements,Timothy Samara,,2007.0,
978-0-06-223652-4,The Visual Miscellaneum,Data Visualisation,,1,1,The Visual Miscellaneum,David McCandless,https://covers.openlibrary.org/b/id/7244286-L.jpg,2012.0,
978-0-32193407-9,The Truthful Art,Data Visualisation,,1,1,The Truthful Art,Alberto Cairo,https://covers.openlibrary.org/b/id/7937578-L.jpg,2016.0,400.0
978-0-321-83473-7,The Functional Art,Data Visualisation,,1,1,The Functional Art,Alberto Cairo,https://covers.openlibrary.org/b/id/7709927-L.jpg,2012.0,384.0
978-1-5063-5312-8,Presenting Data Effectively,Data Visualisation,,1,1,Presenting Data Effectively,Stephanie D. H. Evergreen,https://covers.openlibrary.org/b/id/8257757-L.jpg,2018.0,
978-1-5063-0305-5,Effective Data Visualization,Data Visualisation,,1,1,Effective data visualization,Stephanie D. H. Evergreen,https://covers.openlibrary.org/b/id/13140547-L.jpg,2017.0,243.0
978-1-138-19710-7,Data-Driven Storytelling,Data Visualisation,,1,1,Data-Driven Storytelling,"Nathalie Henry Riche, Christophe Hurter, Nicholas Diakopoulos, Sheelagh Carpendale",https://covers.openlibrary.org/b/id/9326075-L.jpg,2018.0,314.0
978-0-547-97337-1,The Best American Infographics 2013,Data Visualisation,,1,1,The Best American Infographics 2013,"David Byrne, Gareth Cook",https://covers.openlibrary.org/b/id/7853713-L.jpg,2013.0,182.0
978-0-547-97451-4,The Best American Infographics 2014,Data Visualisation,,1,1,The Best American Infographics 2014,"Gareth Cook, Nate Silver",https://covers.openlibrary.org/b/id/8469125-L.jpg,2014.0,176.0
978-0-544-54270-9,The Best American Infographics 2015,Data Visualisation,,1,1,The Best American Infographics 2015,"Maria Popova, Gareth Cook",https://covers.openlibrary.org/b/id/8465405-L.jpg,2015.0,160.0
978-0-544-55638-8,The Best American Infographics 2016,Data Visualisation,,1,1,,,,,
978-1-846-14847-7,London The Information Capital,Data Visualisation,,1,1,London - The Information Capital,"James Cheshire, Oliver Uberti",https://covers.openlibrary.org/b/id/14590542-L.jpg,2014.0,240.0
978-1-119-28271-6,The Big Book of Dashboards,Data Visualisation,,1,1,The Big Book of Dashboards,"Steve Wexler, Jeffrey Shaffer, Andy Cotgreave",https://covers.openlibrary.org/b/id/8224266-L.jpg,2017.0,448.0
978-0-226-53421-3,How to Lie with Maps,Data Visualisation,,1,1,How to Lie With Maps,Mark S. Monmonier,https://covers.openlibrary.org/b/id/142132-L.jpg,1996.0,207.0
978-147391214-4,Data Visualisation,Data Visualisation,,1,1,Data visualisation,Andy Kirk,https://covers.openlibrary.org/b/id/14394086-L.jpg,2016.0,347.0
978-111928271-6,The Big Book of Dashbaords,Data Visualisation,,1,1,The Big Book of Dashboards,"Steve Wexler, Jeffrey Shaffer, Andy Cotgreave",https://covers.openlibrary.org/b/id/8224266-L.jpg,2017.0,448.0
0-06-097625-X,Understanding Comics,Storytelling,,1,1,Understanding Comics,Scott McCloud,https://covers.openlibrary.org/b/id/42616-L.jpg,1994.0,224.0
978-0-06-078094-4,Making Comics,Storytelling,,1,1,Making Comics,Scott McCloud,https://covers.openlibrary.org/b/id/9046822-L.jpg,2006.0,264.0
0-8230-0567-4,Perspective! for Comic Book Artists,Storytelling,,1,1,Perspective! For Comic Book Artists,David Chelsea,https://covers.openlibrary.org/b/id/623982-L.jpg,1997.0,176.0
978-0-393-33126-4,Comics and Sequential Art,Storytelling,,1,1,Comics and Sequential Art,Will Eisner,https://covers.openlibrary.org/b/id/2412841-L.jpg,2008.0,164.0
978-1-59253-587-3,Universal Principles of Design,Design,,0,1,Universal principles of design,William Lidwell,https://covers.openlibrary.org/b/id/8768932-L.jpg,2010.0,272.0
978-0-06-176608-4,Change by Design,Design,,1,1,Change by design,"Brown, Tim",https://covers.openlibrary.org/b/id/6305705-L.jpg,2009.0,264.0
978-0-465-05065-9,The Design of Everyday Things,Design,,1,1,The Design of Everyday Things,Donald A. Norman,https://covers.openlibrary.org/b/id/14428212-L.jpg,2013.0,368.0
0-321-34475-8,Don’t Make Me Think!,Design,,1,1,Don't make me think!,Steve Krug,https://covers.openlibrary.org/b/id/7440545-L.jpg,2006.0,201.0
978-0-520-24226-5,Visual Thinking,Design,,1,1,Visual Thinking,Rudolf Arnheim,https://covers.openlibrary.org/b/id/327696-L.jpg,2004.0,352.0
978-1-59184-306-1,The Back of the Napkin,Design,,1,1,The back of the napkin,Dan Roam,,2009.0,282.0
978-0-470-63201-7,Resonate,Design,,1,1,Resonate,Nancy Duarte,https://covers.openlibrary.org/b/id/8715221-L.jpg,2010.0,248.0
978-0-321-52565-9,Presentation Zen,Design,,1,1,Presentation zen,Garr Reynolds,https://covers.openlibrary.org/b/id/8575603-L.jpg,2008.0,229.0
978-0-321-66879-0,Presentation Zen Design,Design,,1,1,Presentation Zen Design,Garr Reynolds,https://covers.openlibrary.org/b/id/6308098-L.jpg,2010.0,252.0
978-0-596-52234-6,Slideology,Design,,1,1,slide:ology,Nancy Duarte,https://covers.openlibrary.org/b/id/6283001-L.jpg,2008.0,294.0
978-1-770-46114-7,Co-Mix,Storytelling,,1,1,Comix A Retrospective Of Comics Graphics And Scraps,Art Spiegelman,https://covers.openlibrary.org/b/id/7866833-L.jpg,2013.0,
978-0470-87641-1,Business Model Generation,Innovation and Creativity,,1,1,Business Model Canvas,"Alexander Osterwalder, Yves Pigneur",https://covers.openlibrary.org/b/id/7288360-L.jpg,2010.0,288.0
978-1-118-47165-4,Visual Leaders,Innovation and Creativity,,1,1,Visual Leaders,David Sibbet,,2012.0,256.0
978-1-118-07743-6,Visual Teams,Innovation and Creativity,,1,1,Visual teams,David Sibbet,,2011.0,286.0
978-0-470-60178-5,Visual Meetings,Innovation and Creativity,,1,1,Visual Meetings,David Sibbet,https://covers.openlibrary.org/b/id/12521542-L.jpg,2010.0,261.0
978-118-15631-5,Business Model You,Innovation and Creativity,,1,1,,,,,
978-1-118-74024-8,The 4 Lenses of Innovation,Innovation and Creativity,,1,1,THE FOUR LENSES OF INNOVATION: A POWER TOOL FOR CREATIVE THINKING,Rowan Gibson,https://covers.openlibrary.org/b/id/7392524-L.jpg,2015.0,
978-1-119-07631-5,Trend Driven Innovation,Innovation and Creativity,,1,1,Trend-Driven Innovation,"Henry Mason, David Mattin, Maxwell Luthy, Delia Dumitrescu, Alexander Osterwalder",https://covers.openlibrary.org/b/id/10519922-L.jpg,2015.0,368.0
978-0-470-92222-4,Disciplined Dreaming,Innovation and Creativity,,1,1,Disciplined Dreaming,Josh Linkner,https://covers.openlibrary.org/b/id/7280770-L.jpg,2011.0,256.0
978-1-4426-4130-3,Artistry Unleashed,Innovation and Creativity,,1,1,Artistry Unleashed A Guide To Pursuing Great Performance In Work And Life,Roger Martin,https://covers.openlibrary.org/b/id/7532330-L.jpg,2010.0,
978-1-59184-401-3,The Accidental Creative,Innovation and Creativity,,1,1,The accidental creative,Todd Henry,https://covers.openlibrary.org/b/id/12834445-L.jpg,2011.0,230.0
978-1-932907-92-6,"So, you’re a creative genius",Innovation and Creativity,,1,1,So you're a creative genius--,"Carl B. King, Carl M. King",https://covers.openlibrary.org/b/id/13257157-L.jpg,2011.0,
0-06-090325-2,Lateral Thinking,Innovation and Creativity,,1,1,Lateral thinking,Edward de Bono,https://covers.openlibrary.org/b/id/8685480-L.jpg,1990.0,300.0
0-14-029666-2,Six Thinking Hats,Innovation and Creativity,,1,1,Six Thinking Hats Revised Edition,Edward De,https://covers.openlibrary.org/b/id/7849044-L.jpg,2000.0,192.0
0-14-025839-6,Simplicity,Innovation and Creativity,,1,1,Simplicity,Edward de Bono,https://covers.openlibrary.org/b/id/99488-L.jpg,1990.0,320.0
0-06-039168-5,Story,Storytelling,,1,1,Story,"Robert McKee, Robert Mckee, Robert McKee",https://covers.openlibrary.org/b/id/25530-L.jpg,1997.0,466.0
978-0-465-07807-3,The Story Factor,Storytelling,,1,1,The story factor,Annette Simmons,https://covers.openlibrary.org/b/id/11721573-L.jpg,2006.0,299.0
978-0-7879-7675-0,The Leader’s Guide to Storytelling,Storytelling,,1,1,The Leader's Guide to Storytelling,Stephen Denning,https://covers.openlibrary.org/b/id/549400-L.jpg,2005.0,384.0
978-0-8144-2030-0,Lead with a Story,Storytelling,,1,1,Lead with a story,Paul Smith,https://covers.openlibrary.org/b/id/9274604-L.jpg,2012.0,
978-0-7356-2387-3,Beyond Bullet Points,Storytelling,,1,1,Beyond Bullet Points,Cliff Atkinson,https://covers.openlibrary.org/b/id/1363245-L.jpg,2007.0,352.0
0-13-187510-8,Presenting to Win,Storytelling,,1,1,Presenting to Win,Jerry Weissman,https://covers.openlibrary.org/b/id/88748-L.jpg,2006.0,336.0
978-0-13-185517-5,In the Line of Fire,Storytelling,,1,1,In the line of fire,Jerry Weissman,https://covers.openlibrary.org/b/id/88578-L.jpg,2005.0,185.0
978-1-63217-027-9,Long Story Short,Storytelling,,1,1,Long story short,Margot Leitman,https://covers.openlibrary.org/b/id/13049662-L.jpg,2015.0,290.0
0-563-53731-0,The Speed Reading Book,Reading,,1,1,The Speed Reading Book,Tony Buzan,https://covers.openlibrary.org/b/id/375569-L.jpg,2000.0,223.0
0-671-21209-5,How to Read a Book,Reading,,1,1,How to Read a Book,"Mortimer J. Adler, Charles Lincoln Van Doren",https://covers.openlibrary.org/b/id/14551276-L.jpg,2014.0,424.0
1-879505-62-2,In the Blink of an Eye,Videography,,1,1,In the blink of an eye,Walter Murch,https://covers.openlibrary.org/b/id/6800953-L.jpg,2001.0,146.0
1-932907-11-4,Stealing Fire from the Gods,Storytelling,,1,1,Stealing Fire from the Gods,James Bonnet,https://covers.openlibrary.org/b/id/960764-L.jpg,2006.0,269.0
0-7432-0125-6,The Comedy Bible,Comedy,,1,1,The Comedy Bible,Judy Carter,https://covers.openlibrary.org/b/id/471162-L.jpg,2001.0,368.0
978-0-06-135813-5,I Never Metaphor I Didn’t Like,Storytelling,,1,1,I never metaphor I didn't like,Mardy Grothe,https://covers.openlibrary.org/b/id/7937139-L.jpg,2008.0,330.0
978-0-86547-993-7,The Anatomy of Story,Storytelling,,0,1,The anatomy of story,John Truby,https://covers.openlibrary.org/b/id/9698720-L.jpg,2008.0,445.0
0-276-42030-6,How to Write and Speak Better,Writing,,1,1,Reader's Digest How to Write and Speak Better Hb,John Ellison Kahn,https://covers.openlibrary.org/b/id/2350033-L.jpg,1997.0,656.0
0-276-42144-2,The Right Word at the Right Time,Writing,,1,1,"""Reader's Digest"" Big Book of Space","William Edmonds, Judy Brown",,1995.0,48.0
978-9-6500-6028-2,If You Want to Write,Writing,,1,1,If You Want to Write,Brenda Ueland,,2010.0,168.0
978-0-913507-13-1,Professors as Writers,Writing,,1,1,Professors as writers,Robert Boice,https://covers.openlibrary.org/b/id/704164-L.jpg,1990.0,180.0
978-0-3854-8001-7,Bird by Bird,Writing,,1,1,Bird by bird,Anne Lamott,https://covers.openlibrary.org/b/id/7282093-L.jpg,1995.0,239.0
0-06-272040-6,Writing to Learn,Writing,,1,1,Writing to learn,William Zinsser,,1989.0,256.0
978-0-14-051199-4,Complete Plain Words,Writing,,1,1,The Complete Plain Words (Reference Books),Sir Ernest Gowers,https://covers.openlibrary.org/b/id/104753-L.jpg,1987.0,304.0
0-87220-552-5,A Rulebook for Arguments,Writing,,1,1,A rulebook for arguments,Anthony Weston,https://covers.openlibrary.org/b/id/662363-L.jpg,2000.0,87.0
0-87220-434-0,Writing with Sources,Writing,,1,1,Writing with sources,Gordon Harvey,https://covers.openlibrary.org/b/id/6816381-L.jpg,1998.0,60.0
978-0-8144-7054-1,The Lost Art of the Great Speech,Writing,,1,1,The Lost Art of the Great Speech,Richard Dowis,https://covers.openlibrary.org/b/id/610768-L.jpg,1999.0,288.0
0-226-46801-1,Metaphors We Live By,Storytelling,,1,1,Metaphors we live by,George Lakoff,https://covers.openlibrary.org/b/id/14614925-L.jpg,2003.0,276.0
978-0-226-06566-3,The Craft of Research,Research,,1,1,"The Craft of Research, Third Edition (Chicago Guides to Writing, Editing, and Publishing)","Wayne C. Booth, Gregory G. Colomb, Joseph M. Williams",https://covers.openlibrary.org/b/id/5423869-L.jpg,2008.0,306.0
978-0-615-91767-2,The Complete Guide to Writing Questionnaires,Research,,1,1,The Complete Guide to Writing Questionnaires,David F. Harris,https://covers.openlibrary.org/b/id/8986326-L.jpg,2014.0,232.0
978-0-674-06043-2,Method and Meaning in Polls and Surveys,Research,,0,1,Method and Meaning in Polls and Surveys,Howard Schuman,,2011.0,230.0
978-0-415-52652-4,Ratings Analysis,Research,,1,1,Ratings Analysis Audience Measurement And Analytics,James Webster,https://covers.openlibrary.org/b/id/7611439-L.jpg,2013.0,
978-0-7619-2075-5,Qualitative Interviewing,Research,,1,1,Qualitative interviewing,"Herbert J. Rubin, Irene S. Rubin",https://covers.openlibrary.org/b/id/1428786-L.jpg,2005.0,291.0
0-7923-7401-0,Principles of Forecasting,Research,,0,1,Principles of forecasting,Jon Scott Armstrong,https://covers.openlibrary.org/b/id/8709502-L.jpg,2001.0,849.0
978-0-399-16519-1,Things we Forget,Inspiration,,0,1,Things we forget,J. J. Penn,,2013.0,
0-930242-61-0,Futuring - The Exploration of the Future,Strategy,,1,1,Futuring,Edward Cornish,https://covers.openlibrary.org/b/id/710340-L.jpg,2005.0,313.0
978-0-470-53939-2,How to Measure Anything,Strategy,,1,1,How to measure anything,Douglas W. Hubbard,https://covers.openlibrary.org/b/id/12834660-L.jpg,2010.0,320.0
978-0-19-871339-5,The Future of the Professions,Economics,,1,1,The future of the professions,Richard E. Susskind,https://covers.openlibrary.org/b/id/14589678-L.jpg,2015.0,346.0
978-0-307-47639-5,The Next Decade,Strategy,,1,1,The next decade,George Friedman,https://covers.openlibrary.org/b/id/9714874-L.jpg,2012.0,243.0
978-0-8041-3669-3,Superforecasting,Strategy,,0,1,Superforecasting: The Art and Science of Prediction,"Philip E. Tetlock, Dan Gardner, Dan Gardner, Tetlock, Philip E.; Gardner, Dan, Philip Tetlock",https://covers.openlibrary.org/b/id/8355274-L.jpg,2015.0,352.0
978-0-19-022923-8,Strategy,Strategy,,0,1,Strategy: A History,"Freedman, Lawrence.",https://covers.openlibrary.org/b/id/8277626-L.jpg,2015.0,768.0
978-0-262-52830-6,Big Ideas in Macroeconomics,Economics,,0,1,Big Ideas in Macroeconomics,Kartik B. Athreya,https://covers.openlibrary.org/b/id/8979040-L.jpg,2015.0,432.0
978-1-4221-0250-3,The Future of Management,Management,,1,1,The future of management,"Gary Hamel, Bill Breen",https://covers.openlibrary.org/b/id/6675504-L.jpg,2007.0,272.0
978-0-06-051640-6,Built to Last,Management,,1,1,Built to last,"Collins, James C., Jim Collins, Jerry I. Porras, James C. Collins",https://covers.openlibrary.org/b/id/9517630-L.jpg,2002.0,342.0
978-0-06-054878-0,In Search of Excellence,Management,,1,1,In search of excellence,Thomas J. Peters,https://covers.openlibrary.org/b/id/28913-L.jpg,2004.0,400.0
0-276-42105-1,When Where Why & How it Happened,History,,0,1,"When, Where, Why, and How It Happened",Reader's Digest,https://covers.openlibrary.org/b/id/2350041-L.jpg,1996.0,448.0
978-0-06-621064-3,"ideas - a history of thought and invention, from fire to freud",History,,0,1,Ideas,"Watson, Peter",https://covers.openlibrary.org/b/id/52587-L.jpg,2005.0,848.0
978-0-00-714953-7,The Age of Wonder,History,,0,1,Age Of Wonder,Richard Holmes,https://covers.openlibrary.org/b/id/10870514-L.jpg,2009.0,380.0
978-0-393-31755-8,"Guns, Germs and Steel",History,,0,1,"Guns, germs, and steel","Jared Diamond, Fabián Chueca",https://covers.openlibrary.org/b/id/12863097-L.jpg,1999.0,494.0
978-0-14-200334-3,The Blank Slate,History,,0,1,The blank slate,Steven Pinker,https://covers.openlibrary.org/b/id/6739601-L.jpg,2002.0,509.0
978-0-14-311424-6,The Stuff of Thought,History,,0,1,The stuff of thought,Steven Pinker,https://covers.openlibrary.org/b/id/9856461-L.jpg,2008.0,499.0
978-0-14-303858-0,The Omnivore’s Dilemma,Sociology,Food,0,1,The Omnivore's Dilemma,"Michael Pollan, Richie Chevat, Raul Nagore",https://covers.openlibrary.org/b/id/8596704-L.jpg,2008.0,450.0
978-0-14-311496-3,In Defense of Food,Sociology,Food,1,1,In Defense of Food,Michael Pollan,https://covers.openlibrary.org/b/id/9323757-L.jpg,2009.0,244.0
978-1-58542-712-3,The Dumbest Generation,Sociology,Education,1,1,The Dumbest Generation,Mark Bauerlein,https://covers.openlibrary.org/b/id/6463921-L.jpg,2009.0,
978-0-691-14689-8,The Great Brain Race,Sociology,Education,1,1,The great brain race,Ben Wildavsky,https://covers.openlibrary.org/b/id/8327267-L.jpg,2010.0,240.0
978-1-4516-4050-2,Of Dice and Men,Sociology,Games,1,1,Of Dice And Men The Story Of Dungeons Dragons And The People Who Play It,David M. Ewalt,https://covers.openlibrary.org/b/id/7471260-L.jpg,2013.0,
978-0-2240-8925-8,Reality is Broken,Sociology,Games,1,1,Reality Is Broken: Why Games Make Us Better and How They Can Change the World,Jane McGonigal,https://covers.openlibrary.org/b/id/8576689-L.jpg,2011.0,400.0
978-1-4516-1105-2,Game Frame,Sociology,Games,1,1,Game frame,Aaron Dignan,https://covers.openlibrary.org/b/id/7238643-L.jpg,2011.0,
978-0-7619-2275-9,Rational Choice in an Uncertain World,Psychology,Decision Making,1,1,Rational choice in an uncertain world,"Reid Hastie, Robyn M. Dawes",,2001.0,372.0
978-1-59448-884-9,Drive,Psychology,Decision Making,0,1,Drive,Daniel H. Pink,https://covers.openlibrary.org/b/id/6294820-L.jpg,2009.0,242.0
978-0-316-01066-5,Blink,Psychology,Decision Making,1,1,Blink,Malcolm Gladwell,https://covers.openlibrary.org/b/id/6291252-L.jpg,2007.0,320.0
978-1-4165-3155-5,Think,Psychology,Decision Making,1,1,Think!,Michael R. LeGault,https://covers.openlibrary.org/b/id/760107-L.jpg,2006.0,336.0
978-0-141-03357-0,"Thinking, Fast and Slow",Psychology,Decision Making,1,1,"Thinking, fast and slow",Daniel Kahneman,https://covers.openlibrary.org/b/id/7256677-L.jpg,2012.0,512.0
978-0-19-992644-2,The Global Auction,Sociology,Education,1,1,The Global Auction,"Phillip Brown, Phillip Brown, Hugh Lauder, David Ashton",https://covers.openlibrary.org/b/id/9075205-L.jpg,2012.0,210.0
978-0-374-29279-9,The World is Flat,Sociology,Education,1,1,The world is flat,Thomas L. Friedman,https://covers.openlibrary.org/b/id/10768872-L.jpg,2006.0,600.0
0-14-30-3658-0,The End of Poverty,Sociology,,1,1,The end of poverty,Jeffrey Sachs,https://covers.openlibrary.org/b/id/8644873-L.jpg,2006.0,397.0
978-0-349-12025-6,Superclass,Sociology,,1,1,Superclass,David Rothkopf,,2009.0,400.0
978-0-465-02477-3,The Rise of the Creative Class,Sociology,,1,1,The rise of the creative class,Richard Florida,https://covers.openlibrary.org/b/id/298552-L.jpg,2004.0,434.0
0-7432-3547-9,Better Together,Sociology,,1,1,Better Together,Robert D. Putnam,https://covers.openlibrary.org/b/id/472909-L.jpg,2004.0,336.0
978-0-7432-0304-3,Bowling Alone,Sociology,,1,1,Bowling Alone,Robert D. Putnam,https://covers.openlibrary.org/b/id/471286-L.jpg,2001.0,544.0
978-0-14-303667-8,"Marriage, a History",Sociology,,1,1,"Marriage, a history",Stephanie Coontz,https://covers.openlibrary.org/b/id/13141796-L.jpg,2006.0,432.0
978-0-8129-7382-2,The Big Picture,Media,Film,1,1,The Big Picture,Edward Jay Epstein,https://covers.openlibrary.org/b/id/606406-L.jpg,2006.0,402.0
978-1-56025-907-7,It’s News to Me,Media,Newspapers,1,1,It's news to me,Edward Kosner,https://covers.openlibrary.org/b/id/7964599-L.jpg,2008.0,334.0
978-1-59184-628-4,Trust Me I’m Lying,Media,Social Media,1,1,"Trust Me, I'm Lying",Ryan Holiday,https://covers.openlibrary.org/b/id/9848880-L.jpg,2013.0,352.0
978-1-592-40508-4,The Physics of Superheroes,Physics,,1,1,The physics of superheroes,James Kakalios,https://covers.openlibrary.org/b/id/12183998-L.jpg,2009.0,424.0
0-7472-3496-5,The Universe Next Door,Physics,,1,1,The universe next door,Marcus Chown,,2001.0,272.0
0-553-17698-6,A Brief History of Time,Physics,,1,1,A brief history of time,Stephen Hawking,https://covers.openlibrary.org/b/id/6587050-L.jpg,1989.0,
978-0-307-45965-7,The Invisible Gorilla,Psychology,,1,1,The invisible gorilla,Christopher F. Chabris,https://covers.openlibrary.org/b/id/8665878-L.jpg,2010.0,306.0
978-1-4165-4198-1,The Time Paradox,Psychology,,1,1,Time Matters,"Philip G. Zimbardo, John Boyd",https://covers.openlibrary.org/b/id/5407449-L.jpg,2008.0,336.0
978-0-393-06632-6,How Pleasure Works,Psychology,,1,1,How pleasure works,Paul Bloom,https://covers.openlibrary.org/b/id/8042945-L.jpg,2010.0,280.0
978-007-154383-5,Happier,Psychology,,1,1,Happier,Tal Ben-Shahar,https://covers.openlibrary.org/b/id/6953609-L.jpg,2007.0,192.0
978-0-262-02786-1,The Marketplace of Attention,Media,Digital Media,1,1,The marketplace of attention,James G. Webster,https://covers.openlibrary.org/b/id/12607503-L.jpg,2014.0,268.0
978-1-4767-6325-5,Dark Territory,Technology,Cybersecurity,1,1,Dark territory,Fred M. Kaplan,https://covers.openlibrary.org/b/id/13098974-L.jpg,2016.0,338.0
978-0-8047-5237-4,Privacy in Context,Technology,Privacy,1,1,Privacy in context,Helen Fay Nissenbaum,https://covers.openlibrary.org/b/id/9610595-L.jpg,2009.0,288.0
978-0-300-17233-1,Nothing to Hide,Technology,Privacy,1,1,Nothing to Hide: The False Tradeoff between Privacy and Security,Daniel J. Solove,https://covers.openlibrary.org/b/id/7269871-L.jpg,2013.0,256.0
978-0-06-196224-0,Cyberwar,Technology,Cybersecurity,1,1,Cyber war,Richard A. Clarke,https://covers.openlibrary.org/b/id/7906356-L.jpg,2012.0,306.0
978-0-19-046413-4,The Politics of Innovation,Technology,,1,1,Politics of Innovation,Mark Zachary Taylor,,2016.0,432.0
978-1-111-34275-6,Classics of Public Administration,Public Policy,,0,1,,,,,
978-0-7432-5807-4,Benjamin Franklin,Biography,,1,1,Benjamin Franklin,"Walter Isaacson, Boyd Gaines, Nelson Runger",https://covers.openlibrary.org/b/id/9930400-L.jpg,2004.0,586.0
978-0-19-512441-5,Complexity - A Guided Tour,Physics,,1,1,Complexity: A Guided Tour,Melanie Mitchell,https://covers.openlibrary.org/b/id/6378519-L.jpg,2009.0,288.0
0-674-34116-3,Game Theory,Economics,,0,1,Game Theory.,Roger B. Myerson,https://covers.openlibrary.org/b/id/5311231-L.jpg,,576.0
978-1-4093-7641-5,The Economics Book,Economics,,0,1,The Economics Book (Big Ideas),Niall Kishtainy,https://covers.openlibrary.org/b/id/8763438-L.jpg,2012.0,
978-007-132620-0,Labor Economics,Economics,,0,1,,,,,
978-007-108668-4,Urban Economics,Economics,,0,1,"Urban Economics, 8th Edition",Arthur O'Sullivan,,2012.0,480.0
978-045-228844-7,New Ideas from Dead Economists,Economics,,1,1,New Ideas from Dead Economists,Todd G. Buchholz,https://covers.openlibrary.org/b/id/297582-L.jpg,2007.0,368.0
978-0-393-08026-1,Breakout Nations,Economics,,1,1,Breakout nations,Ruchir Sharma,https://covers.openlibrary.org/b/id/7124313-L.jpg,2012.0,302.0
978-0-415-55024-6,Mapping Strategic Diversity,Strategy,,1,1,Mapping strategic diversity,D. Jacobs,https://covers.openlibrary.org/b/id/12999087-L.jpg,2009.0,
978-1-78471-555-7,Development and Modern Industrial Policy in Practice,Public Policy,,1,1,Development and Modern Industrial Policy in Practice,Jesus Felipe,,2016.0,424.0
978-1-138-21651-8,Policy Analysis,Public Policy,,1,1,Policy Analysis,"David Leo Weimer, David L. Weimer, Aidan R. Vining",,2017.0,480.0
978-0-19-937451-9,Technological Innovation in Legacy Sectors,Technology,,0,1,Technological innovation in legacy sectors,William Bonvillian,,2015.0,365.0
978-0-141-98610-4,The Entrepreneurial State,Technology,,0,1,Entrepreneurial State,"Mariana Mazzucato, Mariana Mazzucato",,2018.0,288.0
978-1906221-980,Geospatial Analysis,Urban Planning,Geospatial Analysis,1,1,Geospatial Analysis,"Michael J. De Smith, Michael F. Goodchild, Paul A. Longley",,2008.0,
978-1-87910-206-4,The Esri Guide to GIS Analysis,Urban Planning,Geospatial Analysis,1,1,The ESRI guide to GIS analysis,Andy Mitchell,https://covers.openlibrary.org/b/id/925233-L.jpg,1999.0,186.0
978-0-252-03079-6,Urban Land Use Planning,Urban Planning,,0,1,Urban land use planning,Philip Berke,https://covers.openlibrary.org/b/id/1151715-L.jpg,2006.0,504.0
978-1-59726-553-9,Community Planning,Urban Planning,,0,1,Community planning,Eric D. Kelly,https://covers.openlibrary.org/b/id/14350779-L.jpg,2009.0,405.0
978-1-4443-3080-9,Readings in Planning Theory,Urban Planning,,0,1,Readings in planning theory,Susan S. Fainstein,,2012.0,
978-1-4443-3081-6,Readings in Urban Theory,Urban Planning,,0,1,Readings in urban theory,Susan S. Fainstein,,2011.0,506.0
978-1-4051-6939-4,Geographic Thought,Urban Planning,,1,1,Geographic Thought A Critical Introduction,Tim Cresswell,https://covers.openlibrary.org/b/id/7657570-L.jpg,2013.0,298.0
978-9-9716-9596-5,Future Asian Space,Urban Planning,,0,1,Future Asian space,"Limin Hee, Erwin Viray",,2012.0,219.0
978-0-2625-2479-7,Cities and Complexity,Urban Planning,,1,1,Cities and Complexity,Michael Batty,https://covers.openlibrary.org/b/id/1154452-L.jpg,2007.0,542.0
978-1-59726-573-7,Cities for People,Urban Planning,,1,1,Cities for People,Jan Gehl,,2010.0,269.0
978-1-4051-4922-8,The Introductory Reader in Human Geography,Urban Planning,,1,1,The introductory reader in human geography,"William G. Moseley, David A. Lanegran",https://covers.openlibrary.org/b/id/9293707-L.jpg,2007.0,488.0
978-1-59420-411-1,The Signal and the Noise,Data Analysis,,1,1,The Signal and the Noise,Nate Silver,https://covers.openlibrary.org/b/id/13826361-L.jpg,2012.0,544.0
978-1-118-35685-2,Predictive Analytics,Data Analysis,,1,1,Predictive analytics,Eric Siegel,https://covers.openlibrary.org/b/id/11698203-L.jpg,2013.0,302.0
978-0-07-179966-9,Number Sense,Data Analysis,,1,1,Numbersense,Kaiser Fung,https://covers.openlibrary.org/b/id/7848772-L.jpg,2013.0,228.0
978-0-393-33839-3,Moneyball,Data Analysis,,1,1,Moneyball,Michael Lewis,https://covers.openlibrary.org/b/id/6906356-L.jpg,2011.0,
978-0-8129-7381-5,The Black Swan,Data Analysis,,1,1,The Black Swan,"Nassim Nicholas Taleb, Nassim Nicholas Taleb",https://covers.openlibrary.org/b/id/8624209-L.jpg,2008.0,400.0
978-0-141-03274-0,Fooled by Randomness,Data Analysis,,1,1,Fooled by Randomness,Nassim Nicholas Taleb,https://covers.openlibrary.org/b/id/10722532-L.jpg,2007.0,316.0
978-0-316-03614-6,Connected,Data Analysis,,1,1,Connected: The Surprising Power of Our Social Networks and How They Shape Our Lives,Nicholas A. Christakis,https://covers.openlibrary.org/b/id/6628645-L.jpg,2009.0,338.0
978-0-452-28439-5,Linked,Data Analysis,,1,1,Linked,Albert-Laszló Barabási,https://covers.openlibrary.org/b/id/13160529-L.jpg,2003.0,294.0
978-0-7456-3419-7,Mobilities,Urban Planning,,1,1,Mobilities,John Urry,https://covers.openlibrary.org/b/id/2581745-L.jpg,2007.0,336.0
978-0-1431-2054-4,Triumph of the City,Urban Planning,,1,1,Triumph of the City,Edward L. Glaeser,https://covers.openlibrary.org/b/id/6685855-L.jpg,2012.0,352.0
978-0-8166-3877-2,Space and Place,Urban Planning,,1,1,Space and place,"Yi-fu Tuan, Steven Hoelscher",,1977.0,235.0
978-0-631-23252-0,Cities of Tomorrow,Urban Planning,,0,1,Cities of tomorrow,"Peter Hall, Peter Geoffrey Hall, Peter Hall",https://covers.openlibrary.org/b/id/397143-L.jpg,2002.0,576.0
978-1-84407-245-3,The Art of City Making,Urban Planning,,0,1,ART OF CITY-MAKING.,CHARLES LANDRY,https://covers.openlibrary.org/b/id/9821447-L.jpg,,
978-1-592-40779-8,On the Map,Data Visualisation,,1,1,On the map,Simon Garfield,https://covers.openlibrary.org/b/id/11167933-L.jpg,2013.0,464.0
978-0-06-143139-5,How the States Got Their Shapes,History,,1,1,How the States Got Their Shapes,Mark Stein,https://covers.openlibrary.org/b/id/6298316-L.jpg,2009.0,352.0
0-07-146643-5,Crimes Against Logic,Philosophy and Logic,Logic,1,1,,,,,
978-0-415-40400-6,101 Ethical Dilemmas,Philosophy and Logic,Logic,1,1,101 ethical dilemmas,"Cohen, Martin, Borja García Bercero",,2007.0,375.0
978-0-452-29541-4,The Duck that Won the Lottery,Philosophy and Logic,Logic,1,1,The duck that won the lottery,Julian Baggini,https://covers.openlibrary.org/b/id/12947247-L.jpg,2009.0,
978-1-86207-855-0,The Pig that Wants to be Eaten,Philosophy and Logic,Logic,1,1,The pig that wants to be eaten,Julian Baggini,https://covers.openlibrary.org/b/id/10385159-L.jpg,2006.0,306.0
978-0-521-14550-3,Good Thinking,Philosophy and Logic,Logic,1,1,Good thinking,Denise D. Cummins,,2012.0,
978-0-415-42083-9,Paradoxes from A to Z,Philosophy and Logic,Logic,1,1,Paradoxes from A to Z,Michael Clark,https://covers.openlibrary.org/b/id/8280093-L.jpg,2007.0,253.0
0-7472-3268-7,The Philosophy Gym,Philosophy and Logic,Logic,1,1,The Philosophy Gym,Stephen Law,https://covers.openlibrary.org/b/id/484810-L.jpg,2003.0,304.0
978-0-1410-3785-1,The Idea of Justice,Philosophy and Logic,,1,1,the idea of justice,Amartya Sen,https://covers.openlibrary.org/b/id/8776102-L.jpg,2010.0,496.0
978-0-374-18065-2,Justice,Philosophy and Logic,,1,1,Justice,Michael J. Sandel,https://covers.openlibrary.org/b/id/9346713-L.jpg,2009.0,308.0
978-1-473-66748-8,The Art of the Good Life,Philosophy and Logic,,1,1,Art of the Good Life,Rolf Dobelli,https://covers.openlibrary.org/b/id/14441681-L.jpg,2017.0,256.0
978-1-59184-362-7,The Price of Everything,Economics,,1,1,The price of everything,Eduardo Porter,https://covers.openlibrary.org/b/id/6676469-L.jpg,2011.0,
978-0-374-20303-0,What Money Can’t Buy,Economics,,1,1,What Money Can't Buy,Michael J. Sandel,https://covers.openlibrary.org/b/id/10202525-L.jpg,2012.0,244.0
978-1-84739-525-2,The Armchair Economist,Economics,,0,1,The armchair economist,Steven E. Landsburg,https://covers.openlibrary.org/b/id/10216988-L.jpg,2009.0,241.0
978-1-84739-916-8,The Big Questions,Economics,,0,1,The big questions,Steven E. Landsburg,https://covers.openlibrary.org/b/id/12687587-L.jpg,2010.0,267.0
978-0-7535-1966-0,The Return of the Economic Naturalist,Economics,,0,1,The Return of The Economic Naturalist,Robert H. Frank,https://covers.openlibrary.org/b/id/7828965-L.jpg,2009.0,
0-141-02580-8,Freakonomics,Economics,,1,1,Freakonomics-Om,Steven D. Levitt,,1600.0,
978-9-8111-5804-9,This is What Inequality Looks Like,Sociology,,0,1,This is what inequality looks like,Youyenn Teo,,2018.0,285.0
978-0-141-98180-2,Life 3.0,Technology,,0,1,Life 3.0,Max Tegmark,https://covers.openlibrary.org/b/id/8566543-L.jpg,2018.0,384.0
978-1-785-03646-0,Chaos Monkeys,Technology,,0,1,Chaos Monkeys,Antonio García Martínez,,2017.0,
978-1-4711-3880-5,The Innovators,Technology,,0,1,The Innovators,Walter Isaacson,https://covers.openlibrary.org/b/id/10483081-L.jpg,2015.0,
978-0-8070-1429-5,Man’s Search for Meaning,Philosophy and Logic,,1,1,Man's Search for Meaning,Viktor E. Frankl,https://covers.openlibrary.org/b/id/8513458-L.jpg,2007.0,165.0
978-1-4537-0442-4,The Communist Manifesto,Philosophy and Logic,,0,1,The Communist Manifesto,"Karl Marx, Friedrich Engels, Samuel Moore, Franck Meyer, Pavel Filonov, Laura Lafargue, Pompeo Bettini, Cogito Edizioni, Aldrin Alexander Evies, Núria Mirabet Cucala, Friedrich Engels, Juanmari Madariaga, Cristina Piña Aldao, David Harvey, Jodi Dean, Lara Cortés Fernández",https://covers.openlibrary.org/b/id/13918614-L.jpg,2010.0,70.0
978-0-307-27725-1,The Pleasures and Sorrows of Work,Philosophy and Logic,,1,1,The pleasures and sorrows of work,Alain De Botton,https://covers.openlibrary.org/b/id/10722344-L.jpg,2010.0,
978-1-59420-223-0,Shop Class as Soulcraft,Philosophy and Logic,,1,1,Shop Class as Soulcraft,"Matthew B. Crawford, Matthew B Crawford",https://covers.openlibrary.org/b/id/6409055-L.jpg,2009.0,246.0
978-0-19-537461-2,A Guide to the Good Life,Philosophy and Logic,,1,1,A guide to the good life,William Braxton Irvine,https://covers.openlibrary.org/b/id/6962199-L.jpg,2008.0,314.0
978-0-415-32773-2,Philosophy: the basics,Philosophy and Logic,,0,1,PHILOSOPHY: THE BASICS.,Nigel Warburton,,,
978-0-415-35629-9,Philosophy: the classics,Philosophy and Logic,,0,1,Philosophy,Nigel Warburton,https://covers.openlibrary.org/b/id/10209853-L.jpg,2006.0,
978-0-415-32505-9,History of Western Philosophy,Philosophy and Logic,,0,1,History of Western Philosophy (Routledge Classics),Bertrand Russell,https://covers.openlibrary.org/b/id/267557-L.jpg,2004.0,778.0
978-0-521-77501-4,An introduction to Probability and Inductive Logic,Philosophy and Logic,Logic,1,1,An Introduction to Probability and Inductive Logic,Ian Hacking,https://covers.openlibrary.org/b/id/354650-L.jpg,2001.0,320.0
1-58542-192-8,Socrates Way,Philosophy and Logic,,1,1,Socrates' way,Ronald Gross,https://covers.openlibrary.org/b/id/6604731-L.jpg,2002.0,282.0
978-0-495-50679-9,Ethics: Theory and Contemporary Issues,Philosophy and Logic,,1,1,Ethics,Barbara MacKinnon,,2008.0,504.0
0-7432-0766-1,"Now, Discover your Strengths",Psychology,Personality,1,1,"Now, Discover Your Strengths","Marcus Buckingham, Donald Clifton",https://covers.openlibrary.org/b/id/471558-L.jpg,2002.0,288.0
0-395-79867-I,Personality Types,Psychology,Personality,1,1,,,,,
978-1-5956-2015-6,StrengthsFinder 2.0,Psychology,Personality,1,1,Strengths finder 2.0,Tom Rath,https://covers.openlibrary.org/b/id/7334374-L.jpg,2007.0,175.0
978-1-6077-4010-0,What Color is your Parachute?,Jobhunting,,1,1,What Color Is Your Parachute? 2012: A Practical Manual for Job-Hunters and Career-Changers ,Richard Nelson Bolles,https://covers.openlibrary.org/b/id/7083611-L.jpg,2011.0,384.0
978-007712180-8,How to Get a Job You’ll Love,Jobhunting,,1,1,How to get a job you'll love,John Lees,https://covers.openlibrary.org/b/id/10316628-L.jpg,2008.0,286.0
007-124763-7,Fearless Interviewing,Jobhunting,,1,1,,,,,
978-1-8516-8917-0,Are You Smart Enough to Work At Google?,Jobhunting,,1,1,Are You Smart Enough to Work at Google?,William Poundstone,https://covers.openlibrary.org/b/id/9071461-L.jpg,2012.0,288.0
978-0-7879-7746-7,Leading with Questions,Leadership,,1,1,Leading with Questions,Michael J. Marquardt,https://covers.openlibrary.org/b/id/549419-L.jpg,2005.0,224.0
978-0-1386-2970-0,Management,Management,,1,1,Management,Gary Dessler,https://covers.openlibrary.org/b/id/1116206-L.jpg,1998.0,703.0
0-471-29989-8,Human Resource Management,Management,,1,1,Human resource management,David A. DeCenzo,https://covers.openlibrary.org/b/id/303141-L.jpg,1999.0,546.0
981-04-3387-5,Uncommon Sense,Leadership,,1,1,Uncommon Sense,Dr. Mel Gill,,2000.0,
0-8144-0286-0,Supermotivation,Leadership,,1,1,SuperMotivation,Dean R. Spitzer,https://covers.openlibrary.org/b/id/1542805-L.jpg,1995.0,214.0
1-85788-125-7,Thick Face Black Heart,Leadership,,0,1,"Thick Face, Black Heart",Chin-ning Chu,https://covers.openlibrary.org/b/id/910224-L.jpg,1995.0,380.0
978-1-59184-209-5,Nice Guys Can Get the Corner Office,Leadership,,1,1,Nice Guys Can Get the Corner Office,"Tarif Khalidi, Russ Edelman, Charles G. Manz, Tim Hiltabiddle",https://covers.openlibrary.org/b/id/12479954-L.jpg,2008.0,176.0
978-0-7852-8837-4,The 21 Irrefutable Laws of Leadership,Leadership,,0,1,The 21 Irrefutable Laws of Leadership,John C. Maxwell,https://covers.openlibrary.org/b/id/1465634-L.jpg,2007.0,304.0
978-0-7852-8112-2,Developing the Leader Within You,Leadership,,1,1,Developing the Leader Within You,John C. Maxwell,https://covers.openlibrary.org/b/id/537943-L.jpg,2005.0,224.0
81-7809-100-3,Developing the Leaders Around You,Leadership,,1,1,,,,,
0-88730-842-2,Getting It Done,Leadership,,0,1,Getting it done,Roger Drummer Fisher,https://covers.openlibrary.org/b/id/6859349-L.jpg,1998.0,219.0
978-0-06-124017-1,Winning,Leadership,,1,1,Winning,Jack Welch,https://covers.openlibrary.org/b/id/10823301-L.jpg,2007.0,372.0
978-0-671-72400-9,The Quick & Easy Way to Effective Speaking,Leadership,,1,1,The quick & easy way to effective speaking,Dale Carnegie,,1977.0,221.0
0-09-181991-1,Reading People,Psychology,,1,1,Reading People,"Jo-Ellan Dimitrius, Mark Mazzarella",https://covers.openlibrary.org/b/id/68201-L.jpg,1999.0,296.0
978-0-978-63130-7,You Can Read Anyone,Psychology,,1,1,You Can Read Anyone,David J. Lieberman,https://covers.openlibrary.org/b/id/743584-L.jpg,2007.0,204.0
978-0-9593-6580-1,Body Language,Psychology,,1,1,Body language,Allan Pease,https://covers.openlibrary.org/b/id/8049840-L.jpg,1999.0,229.0
0-316-85766-1,The New Leaders,Psychology,,1,1,The New Leaders,"Daniel Goleman, Richard E. Boyatzis, Annie McKee",https://covers.openlibrary.org/b/id/190730-L.jpg,2002.0,336.0
978-1-57675-105-3,The New Superleadership,Psychology,,1,1,The New SuperLeadership,Charles C. Manz,https://covers.openlibrary.org/b/id/831239-L.jpg,2001.0,256.0
0-553-84007-X,Emotional Intelligence,Psychology,,1,1,Emotional Intelligence,Daniel Goleman,,1996.0,413.0
0-957-81081-4,Why Men Don’t Listen & Women Can’t Read Maps,Psychology,,1,1,Why men don't listen & women can't read maps,"Barbara Pease, Allan Pease",https://covers.openlibrary.org/b/id/8734744-L.jpg,2001.0,300.0
0-957-810-873,Why Men Lie & Women Cry,Psychology,,1,1,Why men lie & women cry,Allan Pease,https://covers.openlibrary.org/b/id/12938222-L.jpg,2002.0,323.0
978-0-14-312027-8,Too Big To Fail,Finance and Investment,,1,1,Too big to Fail,Andrew Ross Sorkin,https://covers.openlibrary.org/b/id/6904503-L.jpg,2011.0,
978-0-14-311680-6,Lords of Finance,Finance and Investment,,1,1,Lords of Finance,Liaquat Ahamed,https://covers.openlibrary.org/b/id/6390416-L.jpg,2009.0,564.0
978-0-393-33882-9,The Big Short,Finance and Investment,,1,1,The Big Short,Michael Lewis,https://covers.openlibrary.org/b/id/6682773-L.jpg,2011.0,291.0
0-14-01-4345-9,Liar’s Poker,Finance and Investment,,1,1,Liar's poker,Michael Lewis,https://covers.openlibrary.org/b/id/95715-L.jpg,1990.0,249.0
978-981-4342-33-9,OB Markers,Singapore,,1,1,OB markers,Yip Seng Cheong,,2013.0,452.0
1-86508-118-3,Defending the Lion City,Singapore,,1,1,Defending the Lion City,Tim Huxley,https://covers.openlibrary.org/b/id/5414172-L.jpg,2000.0,335.0
0-415-30803-8,Did Singapore Have to Fall?,Singapore,,1,1,Did Singapore have to fall?,Karl Hack,https://covers.openlibrary.org/b/id/1215278-L.jpg,2003.0,
981-232-789-4,Can Asians Think?,Singapore,,1,1,Can Asians think?,Kishore Mahbubani,https://covers.openlibrary.org/b/id/1055083-L.jpg,2004.0,264.0
978-981-09-1288-8,The Resident Tourist (Part 1),Singapore,,0,1,Personalised T-Shirt - Property Of Tessa (Size XL),,,,
978-981-05-9210-3,The Great Singapore Quiz,Singapore,,0,1,The great Singapore quiz.,,https://covers.openlibrary.org/b/id/11168161-L.jpg,2008.0,280.0
978-1-57864-501-5,Poor Charlie’s Almanack,Finance and Investment,,0,1,Poor Charlie's almanack,Charles T. Munger,https://covers.openlibrary.org/b/id/14315500-L.jpg,2008.0,532.0
978-0-9664461-1-1,The Essays of Warren Buffett: Lessons for Corporate America,Finance and Investment,,1,1,The essays of Warren Buffett,Warren Buffett,https://covers.openlibrary.org/b/id/731300-L.jpg,2001.0,246.0
0-684-87174-2,The New Buffetology,Finance and Investment,,1,1,The New Buffettology,Mary Buffett,https://covers.openlibrary.org/b/id/428899-L.jpg,2002.0,288.0
988-97769-2-8,The Winning Investment Habits of Warren Buffett & George Soros,Finance and Investment,,1,1,,,,,
0-471-38198-5,Value Investing,Finance and Investment,,1,1,Value investing,Bruce C. N. Greenwald,https://covers.openlibrary.org/b/id/12677056-L.jpg,2001.0,300.0
978-0-470-64396-9,Don’t Count on It!,Finance and Investment,,0,1,Don't count on it,John C. Bogle,https://covers.openlibrary.org/b/id/10334156-L.jpg,2010.0,
0-471-44550-9,Common Stocks and Uncommon Profits,Finance and Investment,,1,1,Common Stocks and Uncommon Profits and Other Writings,Philip A. Fisher,https://covers.openlibrary.org/b/id/304860-L.jpg,2003.0,320.0
0-7679-2363-4,Irrational Exuberance,Finance and Investment,,1,1,Irrational exuberance,Robert J. Shiller,https://covers.openlibrary.org/b/id/12488226-L.jpg,2005.0,304.0
978-0-19-975211-9,Sovereign Wealth Funds,Finance and Investment,,1,1,Sovereign wealth funds,Christopher Balding,https://covers.openlibrary.org/b/id/14384971-L.jpg,2012.0,216.0
978-0-691-12832-0,Pop Finance,Finance and Investment,,1,1,Pop Finance,"Brooke Harrington, Brooke Harrington",https://covers.openlibrary.org/b/id/2549134-L.jpg,2008.0,264.0
978-981-06-8641-3,Personal Investments,Singapore,,1,1,,,,,
9971-69-314-3,Financial Markets & institutions in Singapore,Singapore,,1,1,Financial Markets And Institutions in Singapore,Tan Chwee Huat,https://covers.openlibrary.org/b/id/4933935-L.jpg,2005.0,400.0
1-84376-052-5,Economic Growth and Development in Singapore,Singapore,,1,1,Economic Growth and Development in Singapore,"Gavin Peebles, Peter Wilson",https://covers.openlibrary.org/b/id/2026446-L.jpg,2002.0,328.0
019-588767-0,The Politics of Policy-Making in Singapore,Singapore,,1,1,The politics of policy-making in Singapore,"Ho, Khai Leong",https://covers.openlibrary.org/b/id/128408-L.jpg,2000.0,258.0
981-232-172-1,Dollars & Sense,Singapore,,1,1,,,,,
0-9643856-2-7,Cashflow Quadrant,Finance and Investment,,1,1,The cashflow quadrant,Robert T. Kiyosaki,https://covers.openlibrary.org/b/id/8103847-L.jpg,2002.0,
978-0-87766-738-4,Contemporary US Tax Policy,Finance and Investment,,0,1,Contemporary U.S. Tax Policy,C. Eugene Steuerle,https://covers.openlibrary.org/b/id/2674710-L.jpg,2008.0,356.0
978-0-262-69363-9,Taxing Ourselves,Finance and Investment,Tax,0,1,"Taxing Ourselves, 4th Edition","Joel Slemrod, Jon Bakija",https://covers.openlibrary.org/b/id/2342885-L.jpg,2008.0,384.0
978-0-324-38212-9,Commercial Real Estate,Finance and Investment,Real Estate,0,1,,,,,
981-204-253-9,The Next Lap,Singapore,,0,1,Singapore,Singapore,,1991.0,159.0
0-06-019776-5,From Third World to First,Singapore,,0,1,From Third World to First: The Singapore Story - 1965-2000,Lee Kuan Yew,,2000.0,729.0
978-981-4374-56-9,Singapore Perspectives 2011,Singapore,,1,1,Singapore Perspectives 2011 Our Inclusive Society Going Forward,Faizal bin Yahya,https://covers.openlibrary.org/b/id/7586658-L.jpg,2011.0,
978-981-4336-07-9,Dynamics of the Singapore Success Story,Singapore,,1,1,Dynamics of the Singapore success story,Tong Dow Ngiam,,2011.0,216.0
978-1-78326-377-6,"The Leader, The Teacher & You",Singapore,,0,1,"The leader, the teacher & you",Siong Guan Lim,https://covers.openlibrary.org/b/id/-1-L.jpg,2014.0,253.0
978-981-07-2204-3,The Ultimate Guide to Commercial Real Estate Investment in Singapore,Singapore,,1,1,,,,,
978-981-08-7103-1,The Ultimate Guide to Real Estate Investment in Singapore,Singapore,,1,1,The ultimate guide to real estate investment in Singapore,Mohamed Ismail A. G.,,2010.0,337.0
978-0-470-82389-7,Doing Good Well,Social Enterprises,,1,1,Doing good well,"Willie Cheng, William D. Green",,2009.0,276.0
978-0-470-40532-1,Succeeding at Social Enterprise,Social Enterprises,,1,1,Succeeding at social enterprise,Social Enterprise Alliance,https://covers.openlibrary.org/b/id/9270204-L.jpg,2010.0,304.0
978-1-58648-824-6,Building Social Business,Social Enterprises,,1,1,Building social business,Muhammad Yunus,https://covers.openlibrary.org/b/id/9270232-L.jpg,2010.0,256.0
978-1-58648-667-9,Creating a World Without Poverty,Social Enterprises,,1,1,Creating a World Without Poverty,"Yunus, Muhammad/ Weber, Karl",https://covers.openlibrary.org/b/id/11612004-L.jpg,2007.0,282.0
1-51939-619-0,Blue Ocean Strategy,Strategy,,0,1,,,,,
981-067-591-7,Sun Zi Bingfa,Strategy,,1,1,Sun Zi Bingfa - Selected Insights and Applications,Wee Chow Hou,https://covers.openlibrary.org/b/id/1055024-L.jpg,2005.0,368.0
978-981-08-6009-7,The Strategic Way,Strategy,,0,1,,,,,
978-1-59139-866-0,Redefining Global Strategy,Strategy,,1,1,Redefining Global Strategy,Pankaj Ghemawat,https://covers.openlibrary.org/b/id/1974947-L.jpg,2007.0,304.0
0-7432-6088-0,Competitive Strategy,Strategy,,1,1,Competitive Strategy,Michael E. Porter,https://covers.openlibrary.org/b/id/474268-L.jpg,2004.0,416.0
978-1-59139-782-3,The Lords of Strategy,Strategy,,1,1,The lords of strategy,Walter Kiechel,https://covers.openlibrary.org/b/id/7072764-L.jpg,2009.0,
978-0-618-70564-1,China Shakes the World,Business,,1,1,China shakes the world,James Kynge,https://covers.openlibrary.org/b/id/6640872-L.jpg,2006.0,270.0
1-56414-496-8,50 Companies that Changed the World,Business,,1,1,50 Companies That Changed the World,Howard Rothman,https://covers.openlibrary.org/b/id/1897817-L.jpg,2001.0,254.0
0-7894-7195-7,Roads to Success,Business,,1,1,Roads to Success,,,,
978-981-08-8976-0,GE11 - We Were There,Singapore,,0,1,,,,,
978-981-08-6086-8,Diversity Singapore,Singapore,,1,1,Divercity Singapore,Morgan Chua,,2010.0,47.0
978-0-415-45794-1,The Science of Stories,Organizational Behavior,,1,1,The science of stories,"László, János.",https://covers.openlibrary.org/b/id/10028010-L.jpg,2009.0,228.0
978-0-521-60309-6,An Introduction to the Theory of Knowledge,Organizational Behavior,,1,1,An Introduction to the Theory of Knowledge (Cambridge Introductions to Philosophy),Noah Lemos,https://covers.openlibrary.org/b/id/1267763-L.jpg,2007.0,242.0
0-253-21515-3,Social Epistemology,Organizational Behavior,,1,1,Social epistemology,Steve Fuller,https://covers.openlibrary.org/b/id/1153093-L.jpg,2002.0,314.0
0-7506-7222-6,Knowledge and Social Capital,Organizational Behavior,,1,1,Knowledge and social capital,Eric Lesser,https://covers.openlibrary.org/b/id/12810519-L.jpg,2000.0,323.0
978-0-8223-3874-1,The Academic’s Handbook,Academia,,1,1,The Academic's Handbook,"Craufurd D. Goodwin, A. Leigh DeNeef",https://covers.openlibrary.org/b/id/622962-L.jpg,2006.0,407.0
0-205-28159-1,Advice for New Faculty Members,Academia,,1,1,Advice for new faculty members,Robert Boice,https://covers.openlibrary.org/b/id/6292551-L.jpg,2000.0,319.0
0-306-46341-5,Handbook of Social Comparison,Social Psychology,,1,1,Handbook of Social Comparison,Ladd Wheeler,https://covers.openlibrary.org/b/id/164252-L.jpg,2000.0,512.0
0-521-60844-9,Social Comparison and Social Psychology,Social Psychology,,1,1,Social comparison and social psychology,Serge Guimond,https://covers.openlibrary.org/b/id/8720369-L.jpg,2006.0,354.0
978-0-8058-5559-3,"Learning, Training, and Development in Organizations",Organizational Behavior,,1,1,"Learning, training, and development in organizations",Steve W. J. Kozlowski,https://covers.openlibrary.org/b/id/8686211-L.jpg,2009.0,517.0
0-8039-7263-6,Rhythms of Academic Life,Academia,,1,1,Rhythms of Academic Life,"Peter J. Frost, M. Susan Taylor",https://covers.openlibrary.org/b/id/576242-L.jpg,1996.0,536.0
978-0-631-22319-1,Making Sense of the Organization,Organizational Behavior,,1,1,Making Sense of the Organization,Karl E. Weick,https://covers.openlibrary.org/b/id/396874-L.jpg,2000.0,496.0
978-0-470-74220-4,Making Sense of the Organization Volume 2,Organizational Behavior,,1,1,The impermanent organization,Karl E. Weick,https://covers.openlibrary.org/b/id/9916336-L.jpg,2009.0,
978-0-8039-7177-6,Sensemaking in Organizations,Organizational Behavior,,1,1,Sensemaking in organizations,Karl E. Weick,https://covers.openlibrary.org/b/id/576230-L.jpg,1995.0,231.0
0-87249-624-4,Human Communication As Narration,Organizational Behavior,,1,1,Human Communication As Narration,Walter R. Fisher,https://covers.openlibrary.org/b/id/1620123-L.jpg,1989.0,217.0
0-930350-91-X,Frame Analysis,Sociology,,1,1,Frame analysis,Erving Goffman,https://covers.openlibrary.org/b/id/710488-L.jpg,1986.0,586.0
0-205-45614-6,Psychology in Context,Psychology,,1,1,Psychology in Context,Stephen xzo Kosslyn,https://covers.openlibrary.org/b/id/9900576-L.jpg,2006.0,
0-13-143994-4,Management,Organizational Behavior,,1,1,Management (8th Edition),Stephen P. Robbins,https://covers.openlibrary.org/b/id/87254-L.jpg,2004.0,640.0
0-13-644683-3,Organizational Behavior,Organizational Behavior,,1,1,"Organizational Behavior:  Concepts, Controversies, and Applications",Stephen P. Robbins,https://covers.openlibrary.org/b/id/10043867-L.jpg,1993.0,
0-201-84875-9,Organizational Theory,Organizational Behavior,,1,1,Organizational theory,Gareth R. Jones,https://covers.openlibrary.org/b/id/1142802-L.jpg,1998.0,746.0
0-7656-1524-X,Organizational Behavior 1: Essential Theories of Motivation and Leadership,Organizational Behavior,,1,1,Organizational Behavior I,"Miner, John B.",https://covers.openlibrary.org/b/id/525635-L.jpg,2005.0,416.0
978-1-4000-2448-3,Japanese Learner’s Dictionary,Languages,Japanese,0,1,,,,,
978-0-07-181954-1,Complete French All-in-One,Languages,French,0,1,Practice Makes Perfect,Annie Heminway,https://covers.openlibrary.org/b/id/9022258-L.jpg,2013.0,656.0
978-0-07-182642-6,French Vocabulary Drills,Languages,French,0,1,French Vocabulary Drills,Ronni L. Gordon,https://covers.openlibrary.org/b/id/7664552-L.jpg,2014.0,
